addr_state,n,default_rate,pr_auc,default_prevalence,pr_auc_lift,roc_auc,gini,ks_statistic,f1,recall,precision,balanced_accuracy,brier_score,review_rate
CA,2102,0.17411988582302568,0.3209782531355542,0.17411988582302568,1.8434324811227734,0.6813949535393216,0.3627899070786431,0.2796171086097052,0.37732342007434944,0.5546448087431693,0.2859154929577465,0.6312970587494648,0.1364336987152806,0.33777354900095147
NY,1063,0.16086547507055504,0.30263256372442726,0.16086547507055504,1.881277282099802,0.6870492749062492,0.37409854981249846,0.3011958146487294,0.3542234332425068,0.38011695906432746,0.33163265306122447,0.6166279862586211,0.13032294017638665,0.18438381937911572
FL,875,0.17714285714285713,0.32196425136689016,0.17714285714285713,1.8175401286840576,0.6935035842293906,0.38700716845878125,0.3026881720430107,0.38126009693053314,0.7612903225806451,0.2543103448275862,0.6403673835125447,0.1357552111532033,0.5302857142857142
TX,807,0.13878562577447337,0.3434274591862079,0.13878562577447337,2.4745174961006224,0.7409301130524152,0.48186022610483037,0.42452466598150057,0.37446808510638296,0.39285714285714285,0.35772357723577236,0.6395940390544707,0.11168741809012048,0.1524163568773234
NJ,508,0.16929133858267717,0.3875169750881605,0.16929133858267717,2.2890537598230876,0.728838311473603,0.457676622947206,0.38272897608288325,0.4235294117647059,0.627906976744186,0.31952662721893493,0.6776975642014769,0.12845921042807465,0.33267716535433073
IL,462,0.170995670995671,0.33168334644385666,0.170995670995671,1.9397177981906553,0.6953101761575834,0.3906203523151668,0.31222527018541163,0.36363636363636365,0.45569620253164556,0.3025210084033613,0.6194930098820108,0.13512677855114852,0.25757575757575757
PA,393,0.1475826972010178,0.29069959525051525,0.1475826972010178,1.9697403609215949,0.7130211013896037,0.42604220277920746,0.4017498713329902,0.3816793893129771,0.43103448275862066,0.3424657534246575,0.6438754503345342,0.12049506271432153,0.18575063613231552
GA,386,0.15803108808290156,0.2716271739452036,0.15803108808290156,1.7188211334893209,0.7088020176544767,0.4176040353089534,0.37760403530895337,0.37719298245614036,0.7049180327868853,0.25748502994011974,0.6616897856242119,0.1257092941586619,0.4326424870466321
VA,358,0.19553072625698323,0.4153362429452667,0.19553072625698323,2.1241482139200785,0.7425595238095237,0.48511904761904745,0.4033730158730159,0.46258503401360546,0.4857142857142857,0.44155844155844154,0.6682043650793651,0.15115170466300654,0.21508379888268156
OH,347,0.1729106628242075,0.3920442153142073,0.1729106628242075,2.2673223785671657,0.7175958188153311,0.43519163763066215,0.40987224157955865,0.3925233644859813,0.35,0.44680851063829785,0.6297038327526132,0.1386777604304208,0.13544668587896252
NC,346,0.17052023121387283,0.325247181774147,0.17052023121387283,1.9073817778619468,0.6986948561979567,0.39738971239591336,0.326699344475285,0.3645833333333333,0.5932203389830508,0.2631578947368421,0.6258784621744522,0.13259650867134132,0.38439306358381503
MA,309,0.13592233009708737,0.2668300738999832,0.13592233009708737,1.963106972264162,0.6718387729623685,0.343677545924737,0.3298555377207063,0.21052631578947367,0.19047619047619047,0.23529411764705882,0.5465489566613162,0.11547375297189828,0.11003236245954692
MD,278,0.22302158273381295,0.4223318456699606,0.22302158273381295,1.893681501552404,0.7067652329749105,0.4135304659498209,0.3393070489844684,0.42962962962962964,0.46774193548387094,0.3972602739726027,0.6320191158900836,0.17001231823457094,0.26258992805755393
WA,266,0.18045112781954886,0.3809756302559533,0.18045112781954886,2.1112399510017417,0.693138379204893,0.3862767584097859,0.3065749235474006,0.3888888888888889,0.5833333333333334,0.2916666666666667,0.6357033639143731,0.1389487947733035,0.3609022556390977
AZ,251,0.18326693227091634,0.24980803307301003,0.18326693227091634,1.3630829630722938,0.6570519618239661,0.31410392364793216,0.303711558854719,0.3586206896551724,0.5652173913043478,0.26262626262626265,0.604559915164369,0.14778530101616114,0.3944223107569721
CT,225,0.16,0.2781743566066327,0.16,1.7385897287914542,0.7194297472075251,0.4388594944150501,0.3941798941798942,0.375,0.5,0.3,0.6388888888888888,0.1290944422295475,0.26666666666666666
MO,218,0.1651376146788991,0.3165410271530956,0.1651376146788991,1.91683177553819,0.6649877899877901,0.32997557997558014,0.31410256410256415,0.3883495145631068,0.5555555555555556,0.29850746268656714,0.6486568986568987,0.13216321172593867,0.3073394495412844
CO,208,0.1346153846153846,0.2973257125296887,0.1346153846153846,2.2087052930776876,0.7255952380952381,0.45119047619047614,0.46111111111111114,0.3958333333333333,0.6785714285714286,0.27941176470588236,0.7031746031746031,0.1075362396980449,0.3269230769230769
MI,186,0.21505376344086022,0.4274005596437609,0.21505376344086022,1.9874126023434882,0.7025684931506849,0.40513698630136985,0.3527397260273973,0.4318181818181818,0.475,0.3958333333333333,0.6381849315068493,0.16439684925006173,0.25806451612903225
MN,173,0.15606936416184972,0.37685385350040784,0.15606936416184972,2.414656172428539,0.7404870624048706,0.4809741248097412,0.4051243023845763,0.38235294117647056,0.48148148148148145,0.3170731707317073,0.6448503297818367,0.12123221967128557,0.23699421965317918
WI,148,0.16216216216216217,0.3606203247288382,0.16216216216216217,2.2238253358278355,0.7389112903225806,0.47782258064516125,0.4126344086021505,0.3448275862068966,0.4166666666666667,0.29411764705882354,0.6115591397849462,0.12871735281937502,0.22972972972972974
SC,142,0.1619718309859155,0.31977291835101224,0.1619718309859155,1.9742501915584234,0.7654366094263791,0.5308732188527583,0.5096821337230544,0.3870967741935484,0.5217391304347826,0.3076923076923077,0.6474241870661308,0.12738817745359135,0.2746478873239437
NV,141,0.2695035460992908,0.5749250245365098,0.2695035460992908,2.1332744331486286,0.8094021461420541,0.6188042922841082,0.5273377618804292,0.524822695035461,0.9736842105263158,0.3592233009708738,0.6664537557485948,0.16694144815990478,0.7304964539007093
OR,136,0.19117647058823528,0.420686123003798,0.19117647058823528,2.2005120280198667,0.7230769230769232,0.44615384615384635,0.38531468531468527,0.4523809523809524,0.7307692307692307,0.3275862068965517,0.6881118881118882,0.14420705830147523,0.4264705882352941
LA,130,0.1076923076923077,0.20743985896478312,0.1076923076923077,1.9262272618158431,0.6225369458128079,0.24507389162561588,0.2795566502463054,0.32,0.2857142857142857,0.36363636363636365,0.6126847290640394,0.09421266999551019,0.08461538461538462
AL,115,0.2,0.3862391140343018,0.2,1.931195570171509,0.7381852551984878,0.47637051039697553,0.43478260869565216,0.48148148148148145,0.5652173913043478,0.41935483870967744,0.6847826086956521,0.15491437678631614,0.26956521739130435
KY,103,0.1553398058252427,0.3360907489685828,0.1553398058252427,2.1635841964852522,0.7061781609195402,0.41235632183908044,0.4166666666666667,0.17391304347826086,0.125,0.2857142857142857,0.5337643678160919,0.1325671623231558,0.06796116504854369
KS,95,0.09473684210526316,0.30897740985460287,0.09473684210526316,3.261428215131919,0.6808785529715762,0.36175710594315236,0.5155038759689923,0.25,0.2222222222222222,0.2857142857142857,0.5820413436692506,0.08077106853091762,0.07368421052631578
OK,92,0.13043478260869565,0.3732341868340152,0.13043478260869565,2.8614620990607835,0.715625,0.4312499999999999,0.425,0.3137254901960784,0.6666666666666666,0.20512820512820512,0.6395833333333334,0.10451525188721651,0.42391304347826086
AR,84,0.11904761904761904,0.21584996018848351,0.11904761904761904,1.8131396655832617,0.6743243243243243,0.34864864864864864,0.35945945945945945,0.23529411764705882,0.4,0.16666666666666666,0.5648648648648649,0.10194135869465061,0.2857142857142857
UT,80,0.0875,0.7502834467120181,0.0875,8.574667962423064,0.9608610567514677,0.9217221135029354,0.8493150684931507,0.30434782608695654,1.0,0.1794871794871795,0.7808219178082192,0.06752707230094619,0.4875
HI,66,0.13636363636363635,0.2992452128753026,0.13636363636363635,2.194464894418886,0.7212475633528266,0.44249512670565316,0.42690058479532167,0.34782608695652173,0.8888888888888888,0.21621621621621623,0.6900584795321637,0.11188686557246844,0.5606060606060606
DC,64,0.109375,0.4944703243616287,0.109375,4.520871537020605,0.87468671679198,0.7493734335839599,0.7192982456140351,0.38461538461538464,0.7142857142857143,0.2631578947368421,0.7343358395989975,0.08151888798815896,0.296875
RI,58,0.1896551724137931,0.33886355357208675,0.1896551724137931,1.7867351006528212,0.5822050290135397,0.1644100580270793,0.18375241779497092,0.26666666666666666,0.18181818181818182,0.5,0.5696324951644101,0.15930424217371802,0.06896551724137931
NH,48,0.14583333333333334,0.41419294990723565,0.14583333333333334,2.84018022793533,0.7421602787456446,0.4843205574912892,0.5435540069686411,0.4166666666666667,0.7142857142857143,0.29411764705882354,0.7108013937282229,0.11282952676607548,0.3541666666666667
NM,47,0.2127659574468085,0.27179680419967195,0.2127659574468085,1.2774449797384582,0.5567567567567568,0.11351351351351369,0.22972972972972971,0.13333333333333333,0.1,0.2,0.49594594594594593,0.18478442789031085,0.10638297872340426
WV,42,0.09523809523809523,0.21575251722310546,0.09523809523809523,2.2654014308426076,0.5394736842105263,0.07894736842105265,0.39473684210526316,0.3076923076923077,0.5,0.2222222222222222,0.6578947368421053,0.0857421019820377,0.21428571428571427
DE,31,0.12903225806451613,0.29305555555555557,0.12903225806451613,2.2711805555555555,0.6944444444444444,0.38888888888888884,0.4814814814814815,0.26666666666666666,0.5,0.18181818181818182,0.5833333333333333,0.1089019071584792,0.3548387096774194
